Use Case,Category,Timeline,Complexity,Value Potential
Document Processing Automation,Quick Win,1-3 months,Low,Medium
Workflow Streamlining,Quick Win,1-2 months,Low,Medium
Basic Energy Analytics,Quick Win,2-4 months,Medium,Medium
Energy Forecasting,Strategic Partnership,6-9 months,High,High
Agentic Automation,Strategic Partnership,4-6 months,High,High
Digital Twin Modeling,Strategic Partnership,9-12 months,Very High,Very High
Predictive Maintenance,Internal Innovation,3-6 months,Medium,High
AI-Powered Trading Platform,Internal Innovation,6-9 months,High,Very High
Smart Grid Optimization,Transformational,12-18 months,Very High,Very High
Energy Storage Optimization,Transformational,12-18 months,Very High,Very High
